name	rule	rule_options	module	group	notes
Dissimilatory-Sulfate-Reduction	@Sulfatereducer		Sulfur Cycling	Sulfide Production	Dissimilatory sulfate reduction to sulfide (H2S); key souring mechanism in oil & gas systems. Requires adenylysulfate reductase (aprAB; K00394, K00395) and dissimilatory sulfite reductase (dsrAB; dsrA, dsrB).
Thiosulfate-Reduction-(Respiratory)	at_least(2, PRESENCE, [K08352, K08353, K08354])		Sulfur Cycling	Sulfide Production	Respiratory thiosulfate reduction via the PhsABC thiosulfate reductase complex (phsA K08352, phsB K08353, phsC K08354). Requires at least 2 of 3 subunits to account for incomplete genome recovery in metagenomic data. Uses thiosulfate as terminal electron acceptor under anaerobic conditions. Found in Salmonella, Citrobacter, and diverse anaerobes.
Thiosulfate-Reduction-(Rhodanese)	K01011 | Rhodanese		Sulfur Cycling	Sulfide Production	Thiosulfate sulfurtransferase (rhodanese; K01011 rdl/glpE-type, K14180 mitochondrial-type) transfers sulfur from thiosulfate to cyanide or other acceptors, producing sulfite and thiocyanate. Also involved in sulfur relay and cyanide detoxification. Distinct from respiratory thiosulfate reduction ‚Äö√Ñ√Æ does not conserve energy via electron transport. Extremely widespread across bacteria and archaea so interpret cautiously; presence alone is not diagnostic of dedicated thiosulfate metabolism.
Sulfur-Oxidation-Sox	[K17223 | K17222] & [K17226 | K17227] & K17224		Sulfur Cycling	Sulfur Oxidation	Oxidation of reduced sulfur compounds via the SOX multienzyme complex. SoxXA (K17223, K17222) initiate sulfur binding, SoxYZ (K17226, K17227) are the sulfur-carrying proteins, and SoxB (K17224) is the sulfate-releasing thiohydrolase. SoxCD (K17225, K22622) are optional and indicate complete oxidation to sulfate without intermediates.
Sulfur-Oxidation-Reverse-Dsr	[K11180 | dsrA | K11181 | dsrB] & K27196		Sulfur Cycling	Sulfur Oxidation	Oxidation of stored sulfur globules via reverse-running DsrAB, distinguished from reductive DsrAB by co-occurrence with dsrL (K27196), an NADH-dependent oxidoreductase found exclusively in sulfur-oxidizing organisms. Both dsrA/dsrB (K11180/K11181) and dsrL (K27196) required. Found in Chlorobi, some Gammaproteobacteria, and Chromatiales.
Tetrathionate-Reduction	at_least(2, PRESENCE, [K08359, K08358, K08357])		Sulfur Cycling	S Transformations	Tetrathionate reduction via the ttrABC system (ttrA K08359, ttrB K08358, ttrC K08357). At least 2 of 3 subunits required. Relevant as an alternative electron acceptor in anaerobic subsurface and industrial systems.
Hydrogenotrophic-Methanogenesis	@hydrogenotrophic	"{""include_when"":{""all_columns_present"":[""taxonomy""]}}"	Methane Production & Consumption	Methane Production	Methanogenesis from H2/CO2; dominant pathway in shale and anaerobic digesters. Requires McrA plus hydrogenotrophic pathway genes including F420-reducing hydrogenase subunits and methyl-CoM reductase components.
Acetoclastic-Methanogenesis	@acetoclastic	"{""include_when"":{""all_columns_present"":[""taxonomy""]}}"	Methane Production & Consumption	Methane Production	Methanogenesis from acetate; requires McrA, ACS/CODH complex (K00193, K00194, K00197, K00198), and acetate activation via phosphotransacetylase-acetate kinase (K00925, K00625) or acetyl-CoA synthetase (K01895). Taxonomy filter recommended (Methanosarcina or Methanotrichaceae).
Methylotrophic-Methanogenesis	@methylotroph	"{""include_when"":{""all_columns_present"":[""taxonomy""]}}"	Methane Production & Consumption	Methane Production	Methanogenesis from methylated substrates (methanol, methylamines, DMSP); McrA plus methyltransferase homologs (K04480, K14083, K16176, K16178, K25220, K16954, K25600, K25916, K26847).
Anaerobic-Methane-Oxidation-(ANME)	@anaerobic-methanotrophic-Archaea	"{""include_when"":{""all_columns_present"":[""taxonomy""]}}"	Methane Production & Consumption	Methane Oxidation	Anaerobic oxidation of methane by ANME archaea; requires McrA with mandatory taxonomic filter for ANME genera. Taxonomy is essential to distinguish ANME from methanogens which share McrA.
Aerobic-Methane-Oxidation	@AerobicMethanotroph		Methane Production & Consumption	Methane Oxidation	Aerobic oxidation of methane via particulate methane monooxygenase (pMMO); HMMs cover diverse methanotroph lineages including Alphaproteobacteria, Gammaproteobacteria, NC10, Verrucomicrobia, and Actinobacteria. Relevant in oxic zones of engineered systems receiving methane inputs.
Fermentative-H2-(Fefe)	FeFe_groupA | FeFe_groupB | FeFe_groupC | FeFe_groupE | FeFe_groupF		Hydrogen Use	FeFe Hydrogenases	FeFe hydrogenases; primarily fermentative H2 production across all subgroups. Group A is the most common fermentative H2-producing hydrogenase; Group B is electron-bifurcating; Group C is putatively sensory; Groups E and F are found in anaerobic fungi and diverse anaerobes. All subgroups associated with anaerobic fermentative metabolism.
H2-Metabolism-Nife-Group-1	NiFe_group1		Hydrogen Use	NiFe Hydrogenases	NiFe group 1 hydrogenases; membrane-bound, predominantly H2 uptake linked to respiratory electron transport chain. Most characterized members are H2-consuming; functional inference for uncharacterized members is based on phylogeny. Key for cathodic depolarization MIC and energy conservation in H2-rich systems including underground hydrogen storage.
H2-Metabolism-Nife-Group-2	NiFe_group2		Hydrogen Use	NiFe Hydrogenases	NiFe group 2 hydrogenases; putative sensory/regulatory function detecting environmental H2 concentrations and regulating expression of other hydrogenases. Do not contribute directly to energy conservation. Functional characterization is limited relative to other NiFe groups.
H2-Metabolism-Nife-Group-3	NiFe_group3		Hydrogen Use	NiFe Hydrogenases	Cytoplasmic bidirectional NiFe hydrogenases capable of both H2 production and consumption depending on prevailing redox conditions. Involved in NADH and ferredoxin redox balancing during fermentation and anaerobic metabolism. The bidirectional nature means functional direction cannot be inferred from gene presence alone and is condition-dependent.
H2-Metabolism-Nife-Group-4	NiFe_group4		Hydrogen Use	NiFe Hydrogenases	Membrane-bound energy-conserving NiFe hydrogenases primarily involved in H2 evolution, coupled to ion pumping for energy conservation under anaerobic conditions. Found in strict anaerobes, acetogens, and methanogens. Relevant in anaerobic digesters, shale systems, and underground hydrogen storage where H2 production by microbial communities affects system chemistry and storage integrity.
Aerobic Ammonium Oxidation	@AerobicAmmoniaOxidizer		Nitrogen Cycling	Nitrification+E27	Aerobic oxidation of ammonia to nitrite; first step of canonical two-step nitrification. Requires ammonia monooxygenase (amoA; K28504, K10945, K10946, or AmoA HMMs for beta/gammaproteobacterial and archaeal AOB) plus hydroxylamine oxidoreductase (hao; K10535). AmoA HMMs provide better phylogenetic resolution than K numbers alone. Excludes comammox Nitrospira which has a distinct AmoA lineage captured separately.
Aerobic Nitrite Oxidation	@NitriteOxidoreductase		Nitrogen Cycling	Nitrification	Aerobic oxidation of nitrite to nitrate; second step of nitrification via nitrite oxidoreductase (NXR). HMM-based detection is more specific than K number alone due to paralog confusion between NXR and NarGH.
Anammox	@Annamox		Nitrogen Cycling	Anammox	Anaerobic ammonium oxidation to dinitrogen gas. Requires nitrite reduction to NO (NirS K00368 or NirK K15864), hydrazine synthase complex (hzsA K20932, hzsB K20933, hzsC K20934 ‚Äö√Ñ√Æ all three required), and hydrazine dehydrogenase (hdh K20935). The HZS complex is essentially unique to anammox Planctomycetes making this a highly specific rule.
Comammox	@Comammox		Nitrogen Cycling	Comammox	Complete ammonia oxidation to nitrate by a single organism (comammox Nitrospira). Distinguished from canonical nitrification by the phylogenetically distinct comammox AmoA (amoa_Nitrospira_beta). Also requires nitrite oxidoreductase (nxr; K00370 or K00371) and hydrazine dehydrogenase (K20935) or equivalent. First predicted and confirmed in engineered systems including drinking water distribution systems, wastewater biofilters, and slow sand filters.
NO3 To NO2	@NarNitrateReductase | @NapNitrateReductase		Nitrogen Cycling	Denitrification	First step of denitrification via membrane-bound nitrate reductase (NarGHI; NarG) or periplasmic nitrate reductase (NapAB; K02567, K02568). Also relevant in produced water injection systems where nitrate is added for souring control.
NO2 To NO	@NitriteReductase		Nitrogen Cycling	Denitrification	Second step of denitrification via NirS (cd1-type nitrite reductase; K00368) or NirK (copper-type nitrite reductase; K15864).
NO To N2O	@NitricOxideReductase		Nitrogen Cycling	Denitrification	Third step of denitrification via nitric oxide reductase ‚Äö√Ñ√Æ cNOR (K04561) or qNOR (K15877).
N2O To N2	@NitrousOxideReductase		Nitrogen Cycling	Denitrification	Final step of complete denitrification via nitrous oxide reductase (nosZ; K00376). Presence indicates complete denitrification capacity. Absence with upstream denitrification genes present indicates N2O-producing incomplete denitrifier.
DNRA	@DNRA		Nitrogen Cycling	DNRA	Dissimilatory nitrate reduction to ammonium via nitrate reductase (NarGH K00370/K00371 or NapAB K02567/K02568) plus nitrite reductase (NrfAB K00362/K00363 or NirBD K03385/K15876). Competes with denitrification for nitrate; retains nitrogen in system rather than releasing N2.
Iron/Manganese/Selenium-Reduction	@IronReduction		Metals	Metal Cycling	Dissimilatory Fe(III), Mn(IV), and Se(VI) reduction via outer membrane cytochrome systems. The Mtr system (MtrCAB; Fe@MtrA, Fe@MtrB_TIGR03509, Fe@MtrC_TIGR03507) and Omc cytochromes (Fe@omcS, Fe@omcZ, Fe@omcF) are the primary systems in Shewanella and Geobacter respectively. ExtABCD system found in other iron reducers. No unique diagnostic gene distinguishes Fe(III) from Mn(IV) or Se(VI) reduction ‚Äö√Ñ√Æ the same EET machinery reduces all three. HMMs from DRAM Fe@ database.
Iron-Oxidation	@IronOxidation		Metals	Metal Cycling	Ferrous iron oxidation for energy conservation. Cyc2 (outer membrane cytochrome, broad iron oxidizers; Fe@Cyc2), MtoAB (neutrophilic iron oxidizers; Fe@MtoA & Fe@MtoB), FoxEYZ (acidophilic iron oxidizers; Fe@FoxE & Fe@FoxY & Fe@FoxZ), PioA (photoferrotrophic iron oxidation; Fe@PioA). HMMs from FeGenie database.
Arsenate-Reduction-(Respiratory)	K08355 & K08356		Metals	Metal Cycling	Respiratory arsenate reduction via the ArrAB complex (arrA K08355, arrB K08356); uses As(V) as terminal electron acceptor for anaerobic energy conservation. Distinct from detoxification arsenate reductase (arsC) which reduces As(V) to As(III) solely for efflux. Found in diverse anaerobes including Shewanella, Chrysiogenes, and Sulfurospirillum. Relevant in arsenic-rich subsurface and produced water systems.
Arsenite-Oxidation	K08356 & K08355		Metals	Metal Cycling	Arsenite oxidase large subunit (aioA/aoxB; K08356) and small subunit (aioB/aoxA; K08355) oxidize As(III) to As(V). Can serve as lithotrophic energy conservation (electrons feed into quinone pool) or as detoxification. Both subunits required. Note: K08355 and K08356 are shared with respiratory arsenate reduction (arrAB) due to KEGG numbering ambiguity ‚Äö√Ñ√Æ interpret in genomic context.
Extracellular-Electron-Transfer-(Emic)	[Fe@MtrA & Fe@MtrB_TIGR03509 & Fe@MtrC_TIGR03507] | Fe@omcS | Fe@omcZ		Metals	Metal Cycling	Direct extracellular electron transfer (EET) from metal surface to microbial cell; primary mechanism of electrical MIC (EMIC). Mtr system (MtrCAB) in Shewanella requires all three subunits; OmcS and OmcZ are outer membrane cytochromes in Geobacter sufficient alone. Overlaps with Fe/Mn reduction rule ‚Äö√Ñ√Æ interpret in context of biofilm presence and metal surface contact.
Iron-Acquisition-(Ferrous,-Feo)	[Fe@FeoB_N | Fe@FeoB_C | Fe@FeoB_gate] & Fe@FeoA		Metals	Iron Acquisition	Ferrous iron (Fe2+) uptake via the Feo system. FeoB_N, FeoB_C, FeoB_gate are domains of the same FeoB GTPase-gated membrane channel ‚Äö√Ñ√Æ any domain detection indicates FeoB presence. FeoA is the small accessory cytoplasmic protein required alongside FeoB. Primary Fe(II) uptake route under anaerobic/microaerobic conditions. HMMs from FeGenie.
Iron-Acquisition-(Ferric,-Fbp/Fut)	at_least(2, PRESENCE, [Fe@FbpA, Fe@FbpB, Fe@FbpC]) | [Fe@FutC & [Fe@FutA1 | Fe@FutA2]]		Metals	Iron Acquisition	Ferric iron (Fe3+) ABC transport systems. FbpABC (heterotrophic bacteria; requires at least 2 of 3 subunits for confident call). FutABC (cyanobacteria; requires ATPase FutC plus at least one substrate-binding protein FutA1 or FutA2). Relevant under oxic or iron-limited conditions. HMMs from FeGenie.
Arsenic-Resistance	[arsC | K00537 | K03741] & [arsB | K03893 | acr3 | K03325]		Metals	Metal Detox	Arsenate detoxification via arsenate reductase (arsC; K00537 glutaredoxin-type or K03741 thioredoxin-type) reducing As(V) to As(III), coupled with arsenite export via ArsB (K03893) or Acr3 (K03325) efflux pumps. ArsA ATPase (K01551) and ArsH (K11811) provide additional resistance capacity. Not respiratory ‚Äö√Ñ√Æ distinct from arrAB respiratory arsenate reduction in Metal Cycling.
Arsenic-Methylation	K07755		Metals	Metal Detox	Arsenite S-adenosylmethionine methyltransferase (arsM; K07755) detoxifies arsenic via sequential methylation to organoarsenicals (monomethylarsenic, dimethylarsenic, trimethylarsine gas). Distinct detoxification strategy from efflux ‚Äö√Ñ√Æ volatilizes arsenic. Found in diverse bacteria and archaea including methanogens.
Copper-Resistance	[copA | K17686 | copB | K01533 | [[cusA-ybdE | K07787] & [cusB | K07798] & [cusC-ylcB | K07796]]] & [cueO | K14588 | mco | K22552 | cusF-cusX | K07810]		Metals	Metal Detox	Copper efflux via P-type ATPases (copA K17686 Cu+, copB K01533 Cu2+) or CusCBA RND efflux system (K07787, K07798, K07796) combined with periplasmic detoxification via cuproxidase CueO (K14588), multicopper oxidase Mco (K22552), or chaperone CusF (K07810). CopC (K07156) and CopD (K07245) are additional resistance proteins.
Mercury-Resistance	[merA | K00520] & [merT | K08363 | merC | K19058 | merE | K19059 | merF]		Metals	Metal Detox	Mercuric reductase (merA; K00520) reduces ionic Hg(II) to volatile Hg(0) requiring mercury import via MerT (K08363), MerC (K19058), MerE (K19059), or MerF. MerP (K08364) is a periplasmic Hg-binding protein. merB (K00221) additionally cleaves organomercury compounds. merR (K08365) and merD (K19057) are regulatory. Note merF lacks a confirmed K number ‚Äö√Ñ√Æ included in gene names only.
Chromate-Resistance	K07240 | K19784		Metals	Metal Detox	Chromate efflux transporter (chrA; K07240) and chromate resistance protein (chrB; K19784). ChrA actively exports chromate from the cell. Relevant in industrial and mining-influenced systems with chromate contamination.
Cadmium/Zinc/Cobalt-Resistance	at_least(2, PRESENCE, [czcA | K15726, czcB | K15727, czcC | K15725]) | [zntA-yhhO | K01534] | [zitB-ybgR | K16264]		Metals	Metal Detox	Heavy metal efflux via CzcABC RND efflux system (K15726/K15727/K15725; at least 2 of 3 subunits required for metagenomic data) handling Cd/Zn/Co, ZntA P-type ATPase (K01534) for Zn/Cd export, or ZitB CDF transporter (K16264). CadX (K21903) and CzrB (K21133) are regulators.
Nickel/Cobalt-Resistance	nrsA | K11326 | [rcnA-yohM | K08970] | K24079 | K24078 | [ctpD | K12951]		Metals	Metal Detox	Nickel and cobalt efflux via NrsA (K11326), RcnA/NicO family (K08970), CnrY (K24079) and CnrR (K24078) of the CnrYXH/CnrCBA system, or CtpD P-type ATPase (K12951). Relevant in stainless steel corrosion environments and industrial bioreactors where nickel leaches from equipment.
Silver-Resistance	silP | K23254 | silF | silE		Metals	Metal Detox	Silver efflux via SilP P-type ATPase (K23254); SilF and SilE are periplasmic silver-binding proteins. K number only confirmed for silP; silF and silE lack confirmed K numbers. Relevant in engineered systems using silver-based antimicrobials.
Lead-Resistance	pbrR | pbrT		Metals	Metal Detox	Lead resistance via PbrR transcriptional regulator and PbrT Pb(II) membrane transporter. pbrR and pbrT lack confirmed K numbers in current KEGG ‚Äö√Ñ√Æ gene name identifiers used. Rule requires HMM development for reliable detection.
Acetate	@Acetate-Final		Fermentation End Products	Organic Acids	Acetate production via multiple fermentative routes: (1) oxidative decarboxylation of pyruvate to acetyl-CoA via pyruvate dehydrogenase (K00163, K00161, K00162), pyruvate ferredoxin oxidoreductase (K00174, K00175), or pyruvate formate lyase (K01568), followed by acetate release via acetate kinase/phosphotransacetylase (K01905, K22224, K24012); (2) direct aldehyde oxidation routes (K00138, K00128, K14085, K00149, K00129); or (3) acetyl-CoA hydrolysis (K01895, K01913).
Propionate	@Propionate-Final		Fermentation End Products	Organic Acids	Propionate production via three routes: (1) methylmalonyl-CoA pathway involving succinyl-CoA intermediates (K01899, K01900, K01902, K01903, K01847, K01849, K01848, K00140, K01895, K01908); (2) acrylate pathway via lactate (K01026, K20626, K20627, K00248, K00232); or (3) propionyl-CoA pathway (K01699, K13919, K13920, K13922). Key fermentation product and syntrophic substrate.
Butyrate	@Butyrate-Final		Fermentation End Products	Organic Acids	Butyrate production via multiple routes: (1) classical acetyl-CoA condensation pathway (K00626, K00074/K00022, K01692, K00209/K17829, K01034/K01035/K19709); (2) glutarate pathway (K00135/K08324/K00139/K17761, K00043/K08318/K18120/K18121, K18122, K14534); (3) lysine pathway (K01580, K13524/K07250/K14268/K00823/K16871); or (4) 4-aminobutyrate pathway (K01843).
Lactate	@Lactate-Final		Fermentation End Products	Organic Acids	Lactate production via three routes: (1) complete glycolytic route followed by lactate dehydrogenase (K00016); (2) lactate dehydrogenase alone (K00016) as minimal call; or (3) PTS sugar system route (K18124/K18125/K00115/K19813/K00117 & K01053 & K05308 & K11395/K18127 & K00016). Lactate is a primary fermentation product in Firmicutes and relevant as MIC organic acid, SRB substrate, and electron donor.
Formate	K00656 | @FormateDehydrogenase_1 | @FormateDehydrogenase_2 | @FormateDehydrogenase_3 | @FormateDehydrogenase_4 | @FormateDehydrogenase_5		Fermentation End Products	Organic Acids	Formate production via pyruvate formate lyase (PFL; K00656) cleaving pyruvate to formate and acetyl-CoA under strictly anaerobic conditions, or via formate dehydrogenase ‚Äö√Ñ√Æ FDH-N subunits (K00122, K00123; both required) or FDH-H subunits (K00124, K00125, K00126; at least 2 required). Formate is a key interspecies electron/H2 carrier in syntrophic systems.
Succinate	[K00244 | K00245] & [K00246 | K00247]		Fermentation End Products	Organic Acids	Succinate production via fumarate reductase ‚Äö√Ñ√Æ catalytic subunits frdA/frdB (K00244, K00245) plus membrane anchor subunits frdC/frdD (K00246, K00247). Note fumarate reductase is also involved in other metabolisms beyond succinate production; interpret in context of broader fermentative metabolism.
Butanol	[K00100 | K00544] & [K00634 & [K00929 | K01896]]		Fermentation End Products	Alcohols	Butanol production via ABE fermentation pathway; requires butyryl-CoA formation (thiolase K00634 plus butyryl-CoA acetyltransferase K00929 or K01896) followed by reduction to butanol via butanol dehydrogenase (bdh; K00100) or NADH-dependent butanol dehydrogenase (K00544). Butyryl-CoA intermediate shared with butyrate pathway. Found predominantly in Clostridia.
Rhamnose	@Rhamnose		Carbon Transformations	saccharide
Mannose	@Mannose		Carbon Transformations	saccharide
Glucose	@Glucose		Carbon Transformations	saccharide
Galactose	@Galactose		Carbon Transformations	saccharide
Fucose	@Fucose		Carbon Transformations	saccharide
Fructose	@Fructose		Carbon Transformations	saccharide
Arabinose	@Arabinose		Carbon Transformations	saccharide
Xylose	@Xylose		Carbon Transformations	saccharide
Starch/Glycogen	@StarchGlycogen		Carbon Transformations	polymer
Microbially-derived	@Microbially-derived		Carbon Transformations	polymer
Hemicellulose	@Hemicellulose		Carbon Transformations	polymer
Galactomannan (e.g., Guar-Gum)	GH5;EC:3.2.1.78 | GH27;EC:3.2.1.22 | GH36;EC:3.2.1.22		Carbon Transformations	polymer
Cellulose	@Cellulose		Carbon Transformations	polymer
Protocatechuic-Acid	[at_least(1, PRESENCE, [K04100,K04101]) & at_least(2, PRESENCE, [K10219, EC:1.1.1.312, K10221, K10220, K16515,  K10218, K16514 ])] | [at_least(1, PRESENCE, [K00448,EC:1.13.11.3, K00449]) & at_least(2, PRESENCE, [K01607, EC:4.1.1.44, K01857, EC:5.5.1.2, K01055, EC:3.1.1.24, K01031])]		Carbon Transformations	oxygenated-aromatic
Catechol	[[K03381|EC:1.13.11.1] & at_least(2, PRESENCE, [K01856, EC:5.5.1.1,K03464,EC:5.3.3.4,K01055,EC:3.1.1.24,K01031])] | [at_least(1, PRESENCE, [K00446,K07104]) & [K10216 | at_least(1, PRESENCE, [K10217,K01617,K01821]) ] & at_least(1, PRESENCE, [K02554,K01666,K18364,K18365])]		Carbon Transformations	oxygenated-aromatic
4-Methoxybenzoate	K22553		Carbon Transformations	oxygenated-aromatic
4-Hydroxybenzoate	[K00481|EC:1.14.13.2|K04105|K20458|EC:6.2.1.27|EC:6.2.1.25|K04107|EC:1.1.7.11|K04108|K04109]		Carbon Transformations	oxygenated-aromatic
Cellobiose	@Cellobiose		Carbon Transformations	oligosaccharide
Trehalose	@Trehalose		Carbon Transformations	disaccharide
Maltose	@Maltose		Carbon Transformations	disaccharide
Lactose	@Lactose		Carbon Transformations	disaccharide
Sucrose	@Sucrose		Carbon Transformations	disaccharide
Pah-Anaerobic	NmsA		Carbon Transformations	hydrocarbons
Pah-Aerobic	NdoB|NdoC|non_NdoB_type|K27540		Carbon Transformations	hydrocarbons
Aromatic-Btex-Anaerobic	AbcA_1|AbcA_2|EbdA|CmdA|BssA		Carbon Transformations	hydrocarbons
Aromatic-Btex-Aerobic	TmoA_BmoA|TmoB_BmoB|TmoE|TomA1|TomA3|TomA4|DmpO|MAH_alpha|MAH_beta		Carbon Transformations	hydrocarbons
Alkane-Anaerobic	AssA		Carbon Transformations	hydrocarbons
Alkane-Aerobic-Short-Chain	pBmoA|pBmoB|pBmoC|sBmoX|sBmoY|sBmoZ|PrmA|PrmC		Carbon Transformations	hydrocarbons
Alkane-Aerobic-Med/Long-Chain	AlkB|AlmA_GroupI|AlmA_GroupIII|CYP153|LadA_alpha|LadA_beta|LadB		Carbon Transformations	hydrocarbons
Methanol	@Methanol		Carbon Transformations	LMWC
Ethanol/Alcohol	@Ethanol		Carbon Transformations	LMWC
Ethylene-Glycol-Degradation	[K00001 | K00121] & [K14085 | K00128 | K00149]		Carbon Transformations	LMWC	Ethylene glycol degradation via glycolate oxidase (K11472) or diol dehydratase (K18394) for initial oxidation, followed by alcohol dehydrogenase (K00001, K00121) and aldehyde dehydrogenase (K14085, K00128, K00149). Ethylene glycol is used as antifreeze in pipelines and gas processing facilities. Note: K11472 and K18394 removed per curation.
Eps-Production	K16566 | K16557 | K16556 | K16555 | K19290 | K19291 | K19293 | K19294 | K19295 | K19296 | K11936 | K11937 | K20997 | K21001 | K21154 | K25902 | K25904 | K25906 | K25205 | K21461		Biofilms & Attachment	EPS	Exopolysaccharide biosynthesis and biofilm matrix structural genes including alginate biosynthesis (alg genes; K16566, K16557, K16556, K16555), Psl polysaccharide biosynthesis (K19290-K19296), PGA/ICA poly-GlcNAc synthesis (pgaABCD/icaABCD; K11936, K11937), and additional EPS biosynthesis genes. Any single gene indicates EPS production capacity. Drives pipeline fouling and MIC in engineered systems.
Quorum-Sensing	[[K13060 | K13061] & [K18304 | K18099]] | K07173 | at_least(2, PRESENCE, [K10555, K10556, K10557, K10558])		Biofilms & Attachment	Quorum Sensing	Quorum sensing via three systems: (1) AHL/LuxI-LuxR: LuxI-type AHL synthases lasI (K13060) or rhlI/cepI/tofI homologs (K13061) paired with LuxR-type receptors lasR (K18304) or rhlR homologs (K18099) ‚Äö√Ñ√Æ both synthase and receptor required; (2) AI-2/LuxS system: LuxS S-ribosylhomocysteine lyase (K07173) ‚Äö√Ñ√Æ widely conserved but interpret alone cautiously as it has metabolic roles beyond QS; (3) AI-2 import via Lsr ABC transporter: LsrB substrate-binding (K10555), LsrC permease (K10556), LsrD permease (K10557), LsrA ATPase (K10558) ‚Äö√Ñ√Æ at least 2 subunits required ‚Äö√Ñ√Æ indicates active AI-2 uptake and response capacity.
Motility	[K02410 | K02411] & at_least(3, PRESENCE, [K02406, K02407, K02400, K02408, K02409, K02412, K02416, K02417, K02386, K02387, K02391, K02393, K02404, K02405])		Biofilms & Attachment	Motility	Flagellar motor (MotA K02410 or MotB K02411; at least one required) plus at least 3 structural/assembly genes from the flagellar complex. Required for surface approach and early biofilm attachment. Also relevant for chemotaxis toward carbon/electron donor sources in engineered systems.
Salt-In-Strategy-(K+-Accumulation)	[K01546 | K01547 | K01548] | [K05565 & at_least(3, PRESENCE, [K05566, K05567, K05568, K05569, K05570, K05571])] | [K03315 | K07084] | at_least(2, PRESENCE, [K05559, K05560, K05561, K05562, K05563, K05564]) | [K03499 & K03498]		Environmental Stress Response	Osmoregulation	Halophilic salt-in osmoadaptation via K+ accumulation and Na+ exclusion. KdpABC P-type ATPase (K01546-K01548) imports K+; KdpDE (K07646, K07667) sensor-regulator. Mrp/Mnh Na+:H+ antiporter (K05565-K05571; Mrp subunit K05565 required plus at least 3 others). PhaABCDEFG K+ transporter (K05559-K05564; at least 2 of 6). TrkA/TrkH constitutive K+ uptake (K03499 & K03498; both required). NhaC Na+:H+ antiporter (K03315 or K07084). Highly relevant in hypersaline produced waters (TDS >200 g/L).
Compatible-Solutes:-Methylated-(Synthesis)	[[K00108 | K11440] & K00130] | [K18896 & K18897]		Environmental Stress Response	Osmoregulation	Glycine betaine biosynthesis via two routes: (1) choline oxidation pathway ‚Äö√Ñ√Æ choline dehydrogenase (betA; K00108 or K11440) AND betaine-aldehyde dehydrogenase (betB; K00130); or (2) sequential N-methylation of glycine ‚Äö√Ñ√Æ glycine/sarcosine methyltransferase (K18896) AND sarcosine/dimethylglycine methyltransferase (K18897).
Compatible-Solutes:-Ectoine-(Synthesis)	K06718 & K00836 & K06720		Environmental Stress Response	Osmoregulation	Ectoine biosynthesis via complete ectABC pathway: diaminobutyrate acetyltransferase (ectA; K06718), diaminobutyrate aminotransferase (ectB; K00836), ectoine synthase (ectC; K06720) ‚Äö√Ñ√Æ all three required. Ectoine hydroxylase (ectD; K10674) additionally produces hydroxyectoine with enhanced thermostability. Major compatible solute in halophilic bacteria.
Compatible-Solutes:-Sugars-(Synthesis)	[K00697 & K01087] | K06044 | K01236 | K05342 | K05343 | K05947 | K00009		Environmental Stress Response	Osmoregulation	Biosynthesis of sugar-derived compatible solutes. Trehalose: OtsAB (K00697 & K01087; both required), TreYZ (K06044 or K01236), TreS (K05343), TreP (K05342). Mannosylglycerate: mpgSP (K05947). Mannitol: mtlD (K00009). Note K05342 and K05343 overlap with Trehalose Use row in Carbon Degradation.
Compatible-Solutes:-Methylated-(Transport)	K02168 | K03451 | K05245 | K03762 | K05020 | [K02000 & K02001 & K02002] | at_least(2, PRESENCE, [K05845, K05846, K05847]) | at_least(2, PRESENCE, [K10036, K10037, K10038])		Environmental Stress Response	Osmoregulation	Transport of glycine betaine, choline, proline, and related methylated osmoprotectants. BetP/T/S BCCT transporter (K02168), carnitine/betaine antiporter (K05245), OpuD betaine transporter (K05020). ProVWX ABC transporter (K02000 & K02001 & K02002; all three required). OpuABC (K05845, K05846, K05847; at least 2 subunits). Glutamine ABC (K10036, K10037, K10038; at least 2 subunits). ProP MFS transporter (K03762); ProQ effector (K03607).
Compatible-Solutes:-Ectoine-(Transport)	at_least(2, PRESENCE, [K02028, K02029, K02030])		Environmental Stress Response	Osmoregulation	Ectoine/hydroxyectoine uptake via EhuABC ABC transporter (EhuA ATPase K02028, EhuC/D permease K02029, EhuB substrate-binding protein K02030). At least 2 of 3 subunits required for metagenomic data. Organisms with transport but not synthesis genes are ectoine scavengers.
Compatible-Solutes:-Sugars-(Transport)	at_least(2, PRESENCE, [K10227, K10228, K10229, K10230]) | at_least(2, PRESENCE, [K02783, K02781, K02782]) | K02798 | at_least(2, PRESENCE, [K10109, K10110, K10111]) | K17314		Environmental Stress Response	Osmoregulation	Sugar osmoprotectant transport. SmoEF ABC system (K10227-K10230; at least 2 subunits), SrlABE PTS (K02783, K02781, K02782; at least 2 subunits), mannitol PTS (mtlA; K02798). Trehalose: dedicated transporter (K17314) or maltose/trehalose ABC (K10109-K10111; at least 2 subunits). Organisms with transport but not synthesis genes scavenge solutes from environment.
Beta-Lactam-Resistance	K18698 | K18699 | K18796 | K18767 | K18797 | K19097 | K19317 | K18768 | K18970 | K19316 | K22346 | K18795 | K19218 | K19217 | K18790 | K18791 | K19098 | K18792 | K19213 | K21276 | K18793 | K18971 | K22352 | K19209		Environmental Stress Response	Antibiotic Resistance	Beta-lactamase and penicillin-binding protein resistance genes conferring resistance to beta-lactam antibiotics (penicillins, cephalosporins, carbapenems). Major antibiotic resistance gene class in environmental microbiomes.
Macrolide-Resistance	K00561 | K14336 | K15632 | K18230 | K18231 | K19349 | K19350 | K18232 | K19541 | K08217		Environmental Stress Response	Antibiotic Resistance	Macrolide resistance via efflux pumps, ribosomal methylases (erm genes), or macrolide esterases.
Tetracycline-Resistance	K08151 | K08168 | K18214 | K18215 | K18218 | K18216 | K18217 | K19542 | K18233 | K18220 | K18221		Environmental Stress Response	Antibiotic Resistance	Tetracycline resistance via efflux pumps (tet efflux genes) or ribosomal protection proteins.
Sulfonamide-Resistance	K18974 | K18824 | K18825		Environmental Stress Response	Antibiotic Resistance	Sulfonamide resistance via dihydropteroate synthase variants (sul1, sul2, sul3) insensitive to sulfonamide inhibition. Among the most commonly detected antibiotic resistance genes in wastewater and water treatment systems.
Biocide-Efflux-(General)	K03585 | K18138 | [K18324 | 2.A.6.2.7_P24177] | [K18142 | 2.A.6.2.2_P31224] | [K03297 | 2.A.7.1] | [[K11814 | 2.A.7.1.6] & [K11815 | 2.A.7.1.6]] | [K18975 | 2.A.7.1.11]		Environmental Stress Response	Biocide Resistance	Broad-spectrum efflux genes for biocide and multidrug resistance. MexA/membrane fusion protein (K03585), MATE efflux (K03400), MexB/RND pump (K18138), AcrD/RND pump (K18324), AcrF/RND pump (K18142), and SMR family pumps: Mmr (K03297), EbrA/EbrB paired SMR pump (K11814 & K11815), Ebr SMR pump (K18975). Aldehyde dehydrogenase (K14085) provides chemical detoxification capacity. RND pumps (2.A.6 TCDB family) provide broad substrate efflux relevant in oil and gas and wastewater systems. General row is superset of Aldehyde Resistance sub-row.
Aldehyde-Resistance	K00149 | K14085		Environmental Stress Response	Biocide Resistance	Resistance to aldehyde biocides (e.g., glutaraldehyde, formaldehyde) mediated by aldehyde oxidoreductases and aldehyde:ferredoxin oxidoreductases (K00149, K14085), which detoxify reactive aldehyde compounds.
Qac-Resistance	K08167 | K11741		Environmental Stress Response	Biocide Resistance	Resistance to quaternary ammonium compound (QAC) disinfectants mediated by multidrug efflux transporters (K08167, K11741) that export toxic biocides from the cell.
Oxidative-Stress-Resistance	K04564|K04565|K04569|K03781|K03782|K24119|K03387|K04761|K13639|K13631|K00383|K01919|K03671|K00384|K03672|K10563|K03575|K03553|K04047|K03594|K02217|K03674|K03675|K03676|K07304|K07305|K04063|K11065|K03564|K00036|K00033|K00324|K00325|K19824|K04487|K05997|K09014|K09013|K09015|K11717|K02426|K03087|K03711|K13643|K01338|K04043|K05919|K01759|K00799|K01069|K10773|K10567|K03574|K01151|K03584|K01142|K09825|K23775|K04084|K01920		Environmental Stress Response	Biocide Resistance	Presence of oxidative stress response genes indicates microbial potential to detoxify reactive oxygen species through catalase‚Äö√Ñ√¨peroxidase, superoxide dismutase, glutathione biosynthesis,  NADH peroxidase, or related genes/proteins, supporting survival under oxidative stress.
